id;cookie;first_name;last_name;email;age;gender;city;is_active;image;latitude;longitude;import_id
1;dcf5fa61-7589-4688-9726-27d65c142b3c;Aaliyah;Harvey;amy.dare@example.com;44;male;Malachiview;true;https://picsum.photos/800/600;74.99;-158.59;315ac710-a9e1-478e-86de-0e79f6cf7db0
2;0c5fdfe0-6113-4625-8ae4-74cff2ddb9fb;Erich;Schaefer;jody.buckridge@domena.sk;18;female;Halvorsonview;true;https://picsum.photos/800/600;26.97;-176.53;315ac710-a9e1-478e-86de-0e79f6cf7db0
3;93766278-5bcb-4319-8008-ab2574a695d4;Rachelle;Gusikowski;jabari.little@domena.sk;41;male;Port Reinger;true;https://picsum.photos/800/600;-48.49;-96.97;315ac710-a9e1-478e-86de-0e79f6cf7db0
4;9153f2ee-860d-41fb-b9ae-31dcb0bd243c;Kennedi;Macejkovic;daphney.carter@example.com;32;male;Quitzonchester;true;https://picsum.photos/800/600;78.68;-61.06;315ac710-a9e1-478e-86de-0e79f6cf7db0
5;b74bacd8-4468-47d1-a5b4-93472ffb94fd;Brionna;Ziemann;rosella.berge@domena.sk;40;female;Braxtonport;true;https://picsum.photos/800/600;61.97;-152.22;315ac710-a9e1-478e-86de-0e79f6cf7db0
6;3788c957-b0a0-4679-a24e-23a94c7d4267;Alexandro;Aufderhar;nikolas.lesch@example.com;22;male;Opalhaven;true;https://picsum.photos/800/600;-89.36;-79.03;315ac710-a9e1-478e-86de-0e79f6cf7db0
7;0b290890-83d3-4a63-b8c5-344299bd7b0d;Alvina;Emmerich;felicia.von@example.com;50;male;Markbury;false;https://picsum.photos/800/600;-87.61;57.14;315ac710-a9e1-478e-86de-0e79f6cf7db0
8;98054196-f2ce-4864-987b-460023f14927;Noelia;Goodwin;rosalee.lemke@domena.sk;34;female;Sydniechester;false;https://picsum.photos/800/600;-64.68;-45.53;315ac710-a9e1-478e-86de-0e79f6cf7db0
9;f3ac24b8-e428-4a4c-b3c1-c19eafe810fd;Shaniya;Langworth;joany.auer@example.com;34;female;South Marquardt;false;https://picsum.photos/800/600;8.18;-178.39;315ac710-a9e1-478e-86de-0e79f6cf7db0
10;e5721abc-8441-4e50-96b2-4a59543111a0;Elmer;Toy;guy.beer@example.com;48;female;Joaquinfurt;false;https://picsum.photos/800/600;-53.39;-50.72;315ac710-a9e1-478e-86de-0e79f6cf7db0
11;34904239-4822-4373-b75f-1aa389c93644;Rosanna;Windler;ismael.bayer@domena.sk;37;male;Mckaylafort;true;https://picsum.photos/800/600;-15.95;-22.63;315ac710-a9e1-478e-86de-0e79f6cf7db0
12;0ec1a0e0-95d5-4d2a-ab2b-1323cd989659;Bessie;Greenholt;antonetta.hoeger@example.com;41;female;Kulaschester;true;https://picsum.photos/800/600;-5.39;173.37;315ac710-a9e1-478e-86de-0e79f6cf7db0
13;fa798dfa-e878-4bc8-be46-3bccc5717b02;Rowan;Kovacek;jamaal.powlowski@example.com;52;male;South Simonis;false;https://picsum.photos/800/600;44.91;-140.69;315ac710-a9e1-478e-86de-0e79f6cf7db0
14;c2054fb0-43d0-4ca0-b445-7fa19f21ab62;Kristian;Tromp;percy.blick@domena.sk;18;male;Corbinport;false;https://picsum.photos/800/600;-41.80;-45.42;315ac710-a9e1-478e-86de-0e79f6cf7db0
15;7a6e0b87-07a7-46d8-b257-01b56c11e49a;Bradley;Jones;luz.stracke@domena.sk;32;female;Marcuston;false;https://picsum.photos/800/600;78.11;121.62;315ac710-a9e1-478e-86de-0e79f6cf7db0
16;ca578faa-be69-4900-80d5-3c4068736660;Jermaine;Volkman;cassie.greenfelder@example.com;57;male;Stanfordfort;true;https://picsum.photos/800/600;-66.90;-110.20;315ac710-a9e1-478e-86de-0e79f6cf7db0
17;86f47b62-e229-4863-b878-760d21bb7b1b;Ramon;Batz;floy.harris@example.com;52;male;Oberbrunnerside;true;https://picsum.photos/800/600;-54.69;115.74;315ac710-a9e1-478e-86de-0e79f6cf7db0
18;4f288a0d-6c81-4a70-a9b8-16a8ecb00b8b;Eryn;Abernathy;colin.hoeger@example.com;30;male;West Champlin;false;https://picsum.photos/800/600;-2.62;-82.05;315ac710-a9e1-478e-86de-0e79f6cf7db0
19;61b72371-69f9-419d-bbc1-e554ab5c8a79;Chauncey;Rutherford;fermin.schneider@example.com;29;female;Turnerhaven;false;https://picsum.photos/800/600;-69.46;60.66;315ac710-a9e1-478e-86de-0e79f6cf7db0
20;b611f11a-6360-4087-b1c1-ff9ae1fe271c;Timmy;Romaguera;kari.schuster@example.com;25;female;Borerbury;false;https://picsum.photos/800/600;82.49;125.80;315ac710-a9e1-478e-86de-0e79f6cf7db0
